# producer	gap -q gap/generate-tomlib-scan.g
# gap_version	4.15.1
# tomlib_version	1.2.11
# semantics	exact relative to the complete subgroup-class and intersection data in each supplied TomLib table
table_name	group_order	subgroup_classes	maximal_classes	normal_classes	nonabelian_simple	solvable	chief_factor_orders	cmp	failed_maximal_classes
(2^2xA5):2	480	106	6	9	false	fail	not_computed	false	96
(3^(1+2)+x3^2):2S4	11664	499	4	9	false	fail	not_computed	false	496,489
(3x19).2	114	8	3	5	false	true	2,3,19	true	none
(3x2S5).2	1440	170	7	12	false	fail	not_computed	false	159
(3xA4):2	72	30	6	9	false	true	2,3,3,4	true	none
(3xA6):2_2	2160	55	5	5	false	fail	not_computed	false	46,43
(3xM10):2	4320	136	7	9	false	fail	not_computed	false	117,113
(3xU4(2)):2	155520	959	7	5	false	fail	not_computed	false	954,953,952,951
(4^2x2)(2xS4)	1536	985	9	29	false	true	2,2,2,3,4,4,4	true	none
(4^2x2)S4	768	200	5	11	false	true	2,2,3,4,4,4	true	none
(4^2x3):S3	288	60	6	11	false	fail	not_computed	false	54
(4xA6):2	2880	345	8	9	false	fail	not_computed	false	335,328,327
(5x11).2	110	8	3	5	false	true	2,5,11	true	none
(7:3x3):2	126	18	4	8	false	true	2,3,3,7	true	none
(7xL2(7)):2	2352	50	5	5	false	fail	not_computed	false	41
(9x3).S3	162	32	5	9	false	true	2,3,3,3,3	true	none
(A4xA5):2	1440	143	6	7	false	fail	not_computed	false	133
(A5x3):2	360	44	5	5	false	fail	not_computed	false	38
(A5xA5):2	7200	103	6	3	false	fail	not_computed	false	95,82
(A5xA5):2^2	14400	265	8	6	false	fail	not_computed	false	253,229
(A5xA5):4	14400	162	4	4	false	fail	not_computed	false	161,138
(A5xD10).2	1200	76	5	7	false	fail	not_computed	false	75,71,70
(A6x3):2	2160	124	7	5	false	fail	not_computed	false	118,115,114
(A6xA4):2	8640	430	8	7	false	fail	not_computed	false	420,415,414
(A6xA5):2	43200	751	9	5	false	fail	not_computed	false	745,744,738,737
(A6xA6):2^2	518400	2027	12	6	false	fail	not_computed	false	2015,2014,1992,1962,1961
(A7x3):2	15120	217	6	5	false	fail	not_computed	false	208
(A7xA4):2	60480	766	7	7	false	fail	not_computed	false	749
(A7xA5):2	302400	1322	8	5	false	fail	not_computed	false	1316,1302
(A8x3):2	120960	658	8	5	false	fail	not_computed	false	651,649,638
(A8xA4):2	483840	2914	9	7	false	fail	not_computed	false	2900,2897,2881
(A9x3):2	1088640	1293	8	5	false	fail	not_computed	false	1286,1281,1279,1264,1224
(S3xS3xA5):2	4320	368	7	11	false	fail	not_computed	false	355
(S4xS4):2	1152	221	5	8	false	true	2,2,2,9,16	true	none
(S5xS5):2	28800	560	6	7	false	fail	not_computed	false	506
109:54	5886	16	3	9	false	fail	not_computed	false	14
10^2:S3	600	38	4	6	false	true	2,3,4,25	true	none
113:56	6328	16	3	9	false	fail	not_computed	false	15
11:10	110	8	3	5	false	true	2,5,11	true	none
11^(1+2)+:40	53240	48	3	10	false	fail	not_computed	false	47,34
11^2:(5x2L2(11).2)	1597200	316	7	9	false	fail	not_computed	false	312,298
11^2:60	7260	32	4	13	false	fail	not_computed	false	31
133:3	399	8	3	5	false	true	3,7,19	true	none
13:3	39	4	2	3	false	true	3,13	true	none
13:4	52	6	2	4	false	fail	not_computed	false	5
13:6	78	8	3	5	false	true	2,3,13	true	none
19:18	342	12	3	7	false	fail	not_computed	false	10
19:3	57	4	2	3	false	true	3,19	true	none
19:6	114	8	3	5	false	true	2,3,19	true	none
2(A4xA4).4	1152	163	6	12	false	fail	not_computed	false	140
2(A4xA4).4.2	2304	253	5	9	false	true	2,2,2,9,16,2	true	none
2(A4xA4).4.2^2	4608	1202	9	24	false	true	2,2,2,2,9,16,2	true	none
2(L2(11)x2).2	5280	65	5	6	false	fail	not_computed	false	64,54
2(L2(7)x4).2	2688	77	4	8	false	fail	not_computed	false	76,68
2.(2.(A4xA4).2.2)	2304	327	6	13	false	fail	not_computed	false	304
2.(2^4:S5)	3840	221	5	5	false	fail	not_computed	false	217
2.(2^5:S6)	46080	2140	8	6	false	fail	not_computed	false	2136,2131,2130
2.(3^(1+2)+:2S4)	2592	301	6	16	false	fail	not_computed	false	296,280
2.(3^3:(S4x2))	2592	298	6	14	false	fail	not_computed	false	293
2.(A4xA4).2	576	76	4	8	false	fail	not_computed	false	64
2.(A4xA4).2.2	1152	246	6	12	false	fail	not_computed	false	223
2.(A5xA5).2	14400	181	6	4	false	fail	not_computed	false	173,170,169,161
2.(S3xS6)	8640	502	9	12	false	fail	not_computed	false	496,491,483,482
2.(S6x2)	2880	222	8	8	false	fail	not_computed	false	216,215,208,207
2.2^6.L3(2)	21504	1472	5	5	false	false	168,8,8,2	true	none
2.A5	120	12	3	3	false	fail	not_computed	false	10,9
2.A6	720	27	5	3	false	fail	not_computed	false	26,25,24,23,22
2.A7	5040	47	5	3	false	fail	not_computed	false	45,44,42
2.A8	40320	168	6	3	false	fail	not_computed	false	164,163
2.S5	240	25	4	4	false	fail	not_computed	false	21
2.S5'	240	22	4	4	false	fail	not_computed	false	21,19,18
2.S6	1440	65	6	4	false	fail	not_computed	false	62,61,58,57
2.S6(2)	2903040	1685	8	3	false	fail	not_computed	false	1684,1683,1681,1679,1677,1672,1671,1652
2.S7	10080	113	5	4	false	fail	not_computed	false	107,93
2.S8	80640	354	7	4	false	fail	not_computed	false	350,348,340,335
2.U4(2)	51840	162	5	3	false	fail	not_computed	false	160,159,158,157
2.U4(2).2	103680	492	6	4	false	fail	not_computed	false	489,488,487,486
2.[2^6]:(S3xS3)	4608	1971	7	17	false	fail	not_computed	false	1930
2.[2^8]:5:4	10240	527	3	7	false	fail	not_computed	false	526,520
23:11	253	4	2	3	false	true	11,23	true	none
25:4	100	9	2	5	false	fail	not_computed	false	8,6
27:2^2	108	20	4	11	false	fail	not_computed	false	16
28.2^2	112	22	4	11	false	true	2,2,2,2,7	true	none
2F4(2)	35942400	849	7	3	false	fail	not_computed	false	848,847,846,837,778,701,350
2F4(2)'	17971200	434	8	2	true	fail	not_computed	false	433,432,431,430,429,421,420,419
2S5.2	480	76	6	8	false	fail	not_computed	false	69
2^(1+4)+.(S3xS3)	1152	164	6	12	false	fail	not_computed	false	141
2^(1+4)+:3^2.2	576	127	7	13	false	true	2,3,3,4,4,2	true	none
2^(1+4)-.S5	3840	240	5	5	false	fail	not_computed	false	236
2^(1+4)-:A5	1920	86	4	4	false	fail	not_computed	false	84,83,79
2^(1+6)+.L3(2)	21504	2318	7	6	false	false	168,8,8,2	true	none
2^(1+6)-:3^(1+2)+:2A4	82944	510	4	8	false	fail	not_computed	false	508,505,486
2^(1+8)+:L2(8)	258048	3998	4	4	false	fail	not_computed	false	3995,3994,3959
2^(2+4):(3xD10)	1920	49	4	8	false	fail	not_computed	false	42
2^(2+4):(3xS3)	1152	88	4	8	false	fail	not_computed	false	76
2^(2+4):(S3xS3)	2304	268	6	12	false	fail	not_computed	false	245
2^(2+4):15	960	21	3	6	false	fail	not_computed	false	17
2^(3+3):7	448	14	2	4	false	fail	not_computed	false	12
2^(3+6):21	10752	214	3	6	false	fail	not_computed	false	201
2^(4+4):(3xA5)	46080	401	5	6	false	fail	not_computed	false	398,397,391
2^(5+5):31	31744	121	2	4	false	fail	not_computed	false	119
2^2.(2^4:A5)	3840	1043	7	7	false	fail	not_computed	false	1041,1040
2^2.(2^4S5)	7680	1089	6	6	false	fail	not_computed	false	1085
2^2.(3^2:2A4)	864	58	3	8	false	fail	not_computed	false	56
2^2.(3^2:2S4)	1728	133	4	9	false	fail	not_computed	false	130
2^2.(3^2:Q8)	288	92	4	31	false	fail	not_computed	false	91,90,89
2^2.(3^2:Q8.2)	576	117	4	20	false	fail	not_computed	false	114
2^2.(7:3xS3)	504	48	5	12	false	true	2,3,3,4,7	true	none
2^2.(L2(7)x2)	1344	251	6	12	false	false	2,2,2,168	true	none
2^2.L3(4)	80640	997	9	6	false	fail	not_computed	false	996,995,994,993,992,981,980,979,948
2^2.L3(4).2_2	161280	1059	6	5	false	fail	not_computed	false	1057,1056,1053,1047,1025
2^2.L3(4).3	241920	477	5	4	false	fail	not_computed	false	463,429
2^2.L3(4).3.2_2	483840	941	6	5	false	fail	not_computed	false	920
2^2.S6	2880	342	8	9	false	fail	not_computed	false	332,325,324
2^2.[2^6].(S3xS3)	9216	2254	7	18	false	fail	not_computed	false	2213
2^2.[2^8]:S3	6144	711	3	10	false	fail	not_computed	false	708
2^2xA6	1440	202	8	10	false	fail	not_computed	false	197,196,195,188,187
2^2xL2(7)	672	143	6	10	false	false	2,2,168	true	none
2^3.L3(2):2	2688	110	4	5	false	fail	not_computed	false	106
2^3.L3(2)`	1344	72	3	3	false	fail	not_computed	false	69
2^3:7:3	168	12	3	4	false	true	3,7,8	true	none
2^3:L3(2)	1344	95	5	3	false	false	168,8	true	none
2^3:L3(2)x2	2688	376	6	6	false	false	2,168,8	true	none
2^4.S6	11520	455	6	4	false	fail	not_computed	false	451,448,447
2^4:(3xA5)	2880	84	5	5	false	fail	not_computed	false	81,80
2^4:(3xA5).2	5760	199	6	6	false	fail	not_computed	false	193
2^4:(S3xS3)	576	128	6	11	false	true	2,2,3,3,16	true	none
2^4:A5	960	77	7	3	false	fail	not_computed	false	75,74
2^4:A5`	960	63	4	3	false	fail	not_computed	false	61,60
2^4:A6	5760	139	7	3	false	fail	not_computed	false	138,137,136,135,134
2^4:A7	40320	189	6	3	false	fail	not_computed	false	187,186,182
2^4:A8	322560	1766	7	3	false	fail	not_computed	false	1761,1759
2^4:S4	384	193	5	11	false	true	2,2,3,4,4,2	true	none
2^4:S5	1920	197	5	4	false	fail	not_computed	false	193
2^4:S5`	1920	129	6	4	false	fail	not_computed	false	125
2^4:S6	11520	498	8	4	false	fail	not_computed	false	494,491,490
2^4`A8	322560	1176	6	3	false	fail	not_computed	false	1172,1170
2^5:S5	3840	495	6	8	false	fail	not_computed	false	488
2^5:S5`	3840	953	7	9	false	fail	not_computed	false	946
2^5:S6	23040	1916	8	5	false	fail	not_computed	false	1912,1907,1906
2^6:(3xA5)	11520	489	5	6	false	fail	not_computed	false	486,485
2^6:(3xA5):2	23040	957	6	7	false	fail	not_computed	false	951
2^6:(7xL2(8))	225792	212	5	5	false	fail	not_computed	false	209,208
2^6:(L3(2)xS3)	64512	2156	6	7	false	false	2,3,168,64	true	none
2^6:3.S6	138240	2261	7	5	false	fail	not_computed	false	2257,2254,2253
2^6:3^3:S4	41472	1642	5	6	false	true	2,3,4,27,64	true	none
2^6:A8	1290240	15124	8	3	false	fail	not_computed	false	15120,15119
2^6:L3(2)	10752	1231	5	4	false	false	168,8,8	true	none
2^6:U4(2)	1658880	8602	6	3	false	fail	not_computed	false	8600,8599,8598,8597
2xA5	120	22	4	4	false	fail	not_computed	false	19,18
2xA6.2^2	2880	244	10	18	false	fail	not_computed	false	215,203
2xM12	190080	515	12	4	false	fail	not_computed	false	509,508,491,490,473,466,465,438
2xS5	240	57	6	7	false	fail	not_computed	false	50
3.A6.2^2	4320	117	6	7	false	fail	not_computed	false	104,100
3.L3(4)	60480	200	9	3	false	fail	not_computed	false	199,198,197,196,195,191,190,189,182
3.L3(4).2_3	120960	199	6	4	false	fail	not_computed	false	196,195,192,186,183
3.PGL2(9)	2160	47	4	4	false	fail	not_computed	false	41,38
3.S7	15120	182	5	4	false	fail	not_computed	false	176
30.2^2	120	32	5	15	false	true	2,2,2,3,5	true	none
31:3	93	4	2	3	false	true	3,31	true	none
31:5	155	4	2	3	false	true	5,31	true	none
37:3	111	4	2	3	false	true	3,37	true	none
3D4(2)	211341312	2867	9	2	true	fail	not_computed	false	2866,2865,2860,2848,2847,2825,2824,2515,1288
3^(1+2)+.2S4	1296	62	4	7	false	fail	not_computed	false	59,52
3^(1+2)+:2A4	648	41	3	6	false	fail	not_computed	false	39,36
3^(1+2)+:2S4	1296	96	4	7	false	fail	not_computed	false	93,86
3^(1+2)+:D8	216	44	4	8	false	fail	not_computed	false	34
3^(1+4)+.(2S4x2)	23328	278	6	12	false	fail	not_computed	false	275,273,233
3^(1+4)+.2S4	11664	199	4	7	false	fail	not_computed	false	198,196,162
3^(1+4)+.2^(1+4)-.S3	46656	844	10	29	false	fail	not_computed	false	695
3^(1+4)+.4S4	23328	453	6	12	false	fail	not_computed	false	448,387
3^(1+4)+:2S5	58320	160	5	6	false	fail	not_computed	false	159,157,156,140
3^(1+4)+:4S5	116640	390	7	10	false	fail	not_computed	false	387,384,383,336
3^(2+4):80	58320	77	3	12	false	fail	not_computed	false	76,67
3^2.(3x3^(1+2)+):D8	5832	427	5	14	false	fail	not_computed	false	413
3^2.3^(1+2):8	1944	30	2	7	false	fail	not_computed	false	29,26
3^2.3^(1+2):8.2	3888	75	4	10	false	fail	not_computed	false	72,66
3^2:2A4	216	20	3	5	false	fail	not_computed	false	18
3^2:2S4x2	864	144	6	14	false	fail	not_computed	false	139
3^2:Q8	72	14	4	7	false	fail	not_computed	false	13,12,11
3^3:(2xS4)	1296	176	6	10	false	true	2,2,3,4,27	true	none
3^3:L3(3)	151632	454	5	3	false	fail	not_computed	false	416
3^3:S4	648	64	4	5	false	true	2,3,4,27	true	none
3^3:S4`	648	58	4	5	false	true	2,3,4,27	true	none
3^4:(2xA6)	58320	517	7	5	false	fail	not_computed	false	515,514,513,510,509
3^4:(M10x2)	116640	479	7	8	false	fail	not_computed	false	476,474,462,454
3^4:2(A4xA4).2	46656	810	8	14	false	true	2,3,3,4,4,2,81	true	none
3^4:2^3.S4	15552	503	6	9	false	true	2,3,4,4,2,81	true	none
3^4:2^3.S4(a)	15552	859	6	9	false	true	2,3,4,4,2,81	true	none
3^4:A6	29160	302	14	3	false	fail	not_computed	false	301,300,299,298,297
3^4:GL2(9)	466560	444	5	9	false	fail	not_computed	false	443,440,433,425
3^4:M10	58320	236	7	4	false	fail	not_computed	false	235,234,227,225
3^4:S5	9720	189	5	4	false	fail	not_computed	false	185
3x2S5	720	56	5	8	false	fail	not_computed	false	50
3xL2(8)	1512	26	4	4	false	fail	not_computed	false	22,21
3xU4(2)	77760	337	6	4	false	fail	not_computed	false	334,333,332,331
4(A4xA4).4	2304	676	10	31	false	fail	not_computed	false	618
4.2^4:S5	7680	533	6	6	false	fail	not_computed	false	529
41:4	164	6	2	4	false	fail	not_computed	false	5
43:3	129	4	2	3	false	true	3,43	true	none
4^2:D12	192	83	5	10	false	fail	not_computed	false	78
4^2:D12.2	384	117	5	13	false	true	2,2,2,3,4,4	true	none
4^2:S3	96	24	3	5	false	fail	not_computed	false	21
4^3:L3(2)	10752	422	5	4	false	fail	not_computed	false	419
5:4	20	6	2	4	false	fail	not_computed	false	5
5:4xA5	1200	72	5	8	false	fail	not_computed	false	71,67,66
5^(1+2)+:24	3000	30	3	10	false	fail	not_computed	false	29,22
5^(1+2)+:3:8	3000	30	3	9	false	fail	not_computed	false	29,22
5^(1+2)+:3:8.2	6000	76	5	15	false	fail	not_computed	false	73,57
5^(1+2)+:4A5	30000	148	5	7	false	fail	not_computed	false	145,144,132
5^(1+2)+:8	1000	30	2	6	false	fail	not_computed	false	29,20
5^(1+2)+:8:2	2000	52	4	11	false	fail	not_computed	false	49,37
5^2:(4xS3)	600	48	5	12	false	fail	not_computed	false	45
5^2:4A4	1200	38	4	8	false	fail	not_computed	false	35
5^2:D12	300	30	5	8	false	true	2,2,3,25	true	none
5^2:GL2(5)	12000	132	5	7	false	fail	not_computed	false	131,128,127
5^2:S3	150	12	3	4	false	true	2,3,25	true	none
5^3:(2xA5).2	30000	175	5	6	false	fail	not_computed	false	174,171,170
5^3:62	7750	12	3	5	false	true	2,31,125	true	none
5x2.A6.2_2	7200	76	5	8	false	fail	not_computed	false	68,66
5xA5	300	20	4	4	false	fail	not_computed	false	17,16
63:2	126	12	3	7	false	fail	not_computed	false	10
6^2:D12	432	134	6	15	false	true	2,2,3,3,3,4	true	none
6^2:S3	216	45	4	10	false	true	2,3,3,3,4	true	none
73:3	219	4	2	3	false	true	3,73	true	none
7:3x3	63	12	5	8	false	true	3,3,7	true	none
7:3xL3(2)	3528	74	5	6	false	false	3,7,168	true	none
7:6	42	8	3	5	false	true	2,3,7	true	none
7:6xS3	252	44	6	17	false	true	2,2,3,3,7	true	none
7^(1+2)+:(S3x3)	6174	55	4	8	false	fail	not_computed	false	37
7^(1+2):48	16464	38	3	12	false	fail	not_computed	false	37,28
7^2:2.L2(7):2	32928	112	5	5	false	fail	not_computed	false	110,103
7^2:2A4	1176	22	3	5	false	fail	not_computed	false	20
7^2:2L2(7)	16464	58	4	4	false	fail	not_computed	false	55
7^2:S3	294	14	3	4	false	true	2,3,49	true	none
8^2:S3	384	47	3	6	false	fail	not_computed	false	44
91:3	273	8	3	5	false	true	3,7,13	true	none
A10	1814400	430	7	2	true	fail	not_computed	false	429,428,426,425,424,415
A11	19958400	788	7	2	true	fail	not_computed	false	784,783,781
A12	239500800	2537	11	2	true	fail	not_computed	false	2535,2533,2531,2530,2528,2508,2500,2491
A13	3113510400	4558	9	2	true	fail	not_computed	false	4556,4554,4552,4550,4548,4320,4319,1713
A4x7:3	252	28	6	11	false	true	3,3,4,7	true	none
A4xA5	720	63	5	6	false	fail	not_computed	false	59,57
A4xS3	72	26	4	9	false	true	2,3,3,4	true	none
A4xS5	1440	146	6	9	false	fail	not_computed	false	136
A5	60	9	3	2	true	fail	not_computed	false	7,6
A5xA5	3600	113	8	4	false	fail	not_computed	false	110,109,108,107
A5xD10	600	48	5	6	false	fail	not_computed	false	44,43
A6	360	22	5	2	true	fail	not_computed	false	21,20,19,18,17
A6.2^2	1440	65	6	6	false	fail	not_computed	false	53,49
A6.2_2	720	26	4	3	false	fail	not_computed	false	20,18
A6.2_3	720	25	4	3	false	fail	not_computed	false	24,23,17,15
A7	2520	40	5	2	true	fail	not_computed	false	38,37,35
A8	20160	137	6	2	true	fail	not_computed	false	133,132
A9	181440	223	8	2	true	fail	not_computed	false	221,219,216,210,193
Co3	495766656000	2483	14	2	true	fail	not_computed	false	2482,2480,2479,2478,2474,2472,2470,2469,2462,2458,2457,2397,2318,2018
D122	122	4	2	3	false	true	2,61	true	none
D14	14	4	2	3	false	true	2,7	true	none
D62	62	4	2	3	false	true	2,31	true	none
D62x2	124	10	4	7	false	true	2,2,31	true	none
D6xD10	60	20	5	10	false	true	2,2,3,5	true	none
G2(3)	4245696	433	10	2	true	fail	not_computed	false	432,431,430,429,428,427,411,407,404,395
G2(3).2	8491392	399	6	3	false	fail	not_computed	false	393,389,385,384,373
G2(4)	251596800	4300	8	2	true	fail	not_computed	false	4299,4298,4297,4296,4295,4279,4256,4197
HS	44352000	589	12	2	true	fail	not_computed	false	588,587,586,583,582,579,578,577,576,575,571,551
HS.2	88704000	2057	10	3	false	fail	not_computed	false	2055,2054,2049,2048,2047,2041,2038,2023
He	4030387200	1698	11	2	true	fail	not_computed	false	1697,1695,1692,1691,1683,1682,1679,1652,1638,1626,1552
He.2	8060774400	1930	12	3	false	fail	not_computed	false	1928,1922,1921,1920,1919,1918,1913,1910,1908,1887
J1	175560	40	7	2	true	fail	not_computed	false	39,38,37,36,35,34,28
J2	604800	146	9	2	true	fail	not_computed	false	145,144,143,142,140,139,135,133,99
J2.2	1209600	373	10	3	false	fail	not_computed	false	369,368,367,362,361,353,351,288
J3	50232960	137	9	2	true	fail	not_computed	false	136,134,133,132,131,130,129,128,127
J3.2	100465920	354	9	3	false	fail	not_computed	false	352,350,349,348,346,345,341,300
L2(101)	515100	29	5	2	true	fail	not_computed	false	28,23,21,20,19
L2(103)	546312	29	5	2	true	fail	not_computed	false	23,14,13
L2(107)	612468	24	4	2	true	fail	not_computed	false	20,10
L2(109)	647460	36	5	2	true	fail	not_computed	false	35,28,26,25,24
L2(11)	660	16	4	2	true	false	660	true	none
L2(11).2	1320	29	5	3	false	fail	not_computed	false	21
L2(113)	721392	39	5	2	true	fail	not_computed	false	38,31,29,20,19
L2(121)	885720	63	5	2	true	fail	not_computed	false	62,57,56,47,45
L2(125)	976500	29	4	2	true	fail	not_computed	false	28,25,23,18
L2(13)	1092	16	4	2	true	fail	not_computed	false	15,12,10,9
L2(13).2	2184	30	5	3	false	fail	not_computed	false	24,22,21
L2(16)	4080	21	4	2	true	fail	not_computed	false	18,16,15
L2(16).2	8160	47	5	3	false	fail	not_computed	false	42,39,38
L2(16).4	16320	69	5	4	false	fail	not_computed	false	68,63,59,58
L2(17)	2448	22	5	2	true	fail	not_computed	false	21,18,17,16,14
L2(17)x2	4896	63	6	4	false	fail	not_computed	false	61,54,53,52,48
L2(19)	3420	19	5	2	true	fail	not_computed	false	17,16,12
L2(23)	6072	23	5	2	true	fail	not_computed	false	17
L2(25)	7800	37	5	2	true	fail	not_computed	false	36,34,33,27,25
L2(25).2_2	15600	103	6	3	false	fail	not_computed	false	101,97,96,79,75
L2(27)	9828	16	4	2	true	fail	not_computed	false	12,7
L2(29)	12180	22	5	2	true	fail	not_computed	false	21,16,14
L2(31)	14880	29	7	2	true	fail	not_computed	false	25,24,21,20,19
L2(32)	32736	24	3	2	true	fail	not_computed	false	22,21
L2(32).5	163680	30	4	3	false	fail	not_computed	false	28,27
L2(37)	25308	23	4	2	true	fail	not_computed	false	22,17,15,10
L2(41)	34440	33	7	2	true	fail	not_computed	false	32,27,26,25,23,22,21
L2(43)	39732	20	4	2	true	fail	not_computed	false	14,8
L2(47)	51888	29	5	2	true	fail	not_computed	false	25,24,23
L2(49)	58800	51	7	2	true	fail	not_computed	false	50,47,46,39,38,37,35
L2(53)	74412	20	4	2	true	fail	not_computed	false	19,16,14,7
L2(59)	102660	26	5	2	true	fail	not_computed	false	20
L2(61)	113460	32	5	2	true	fail	not_computed	false	31,24,22,21,20
L2(64)	262080	76	5	2	true	fail	not_computed	false	72,69,68,64
L2(67)	150348	20	4	2	true	fail	not_computed	false	14,7
L2(7)	168	15	3	2	true	false	168	true	none
L2(7).2	336	23	4	3	false	fail	not_computed	false	16
L2(71)	178920	39	7	2	true	fail	not_computed	false	33,32,31,26,24
L2(73)	194472	38	5	2	true	fail	not_computed	false	37,29,27,22,21
L2(79)	246480	37	7	2	true	fail	not_computed	false	31,30,29,23,22
L2(8)	504	12	3	2	true	fail	not_computed	false	10,9
L2(8).3	1512	25	4	3	false	fail	not_computed	false	21,20
L2(8):3x2	3024	61	5	6	false	fail	not_computed	false	54,53
L2(81)	265680	69	5	2	true	fail	not_computed	false	68,65,64,57,55
L2(83)	285852	24	4	2	true	fail	not_computed	false	20,10
L2(89)	352440	37	7	2	true	fail	not_computed	false	36,31,29,28,27,21,20
L2(97)	456288	45	5	2	true	fail	not_computed	false	44,35,33,27,26
L3(11)	212427600	315	6	2	true	fail	not_computed	false	175,129,120,101
L3(2).2x2	672	70	6	7	false	fail	not_computed	false	58
L3(3)	5616	51	4	2	true	fail	not_computed	false	27
L3(3).2	11232	78	5	3	false	fail	not_computed	false	75,69,61
L3(4)	20160	95	9	2	true	fail	not_computed	false	94,93,92,91,90,88,87,86,79
L3(4).2^2	80640	288	8	6	false	fail	not_computed	false	282,280,275,264,262
L3(4).2_1	40320	151	10	3	false	fail	not_computed	false	148,147,146,145,141,140,139,133,131
L3(4).2_2	40320	152	6	3	false	fail	not_computed	false	150,149,146,142,132
L3(4).2_3	40320	102	6	3	false	fail	not_computed	false	99,98,95,90,88
L3(4).3	60480	100	5	3	false	fail	not_computed	false	86,67
L3(4).3.2_2	120960	226	6	4	false	fail	not_computed	false	205
L3(4).3.2_3	120960	142	6	4	false	fail	not_computed	false	137,132,129,114
L3(4).6	120960	143	6	5	false	fail	not_computed	false	138,133,130,115
L3(4).D12	241920	409	8	8	false	fail	not_computed	false	397,389,386
L3(5)	372000	140	5	2	true	fail	not_computed	false	74,60,59
L3(7)	1876896	137	8	2	true	fail	not_computed	false	136,135,95,94,93,62,61,60
L3(8)	16482816	206	5	2	true	fail	not_computed	false	149,143,140
L3(9)	42456960	428	7	2	true	fail	not_computed	false	384,367,273,230,212
L4(3)	6065280	817	8	2	true	fail	not_computed	false	816,815,814,813,812,774,702,667
L5(2)	9999360	1411	5	2	true	false	9999360	true	none
M10x2	1440	74	6	7	false	fail	not_computed	false	71,69,58,50
M11	7920	39	5	2	true	fail	not_computed	false	37,34,27
M11x2	15840	114	6	4	false	fail	not_computed	false	111,104,91
M12	95040	147	11	2	true	fail	not_computed	false	144,143,134,133,130,127,126,113
M12.2	190080	213	9	3	false	fail	not_computed	false	209,202,200,199,194,185,183
M22	443520	156	8	2	true	fail	not_computed	false	155,154,153,152,151,150,146,145
M22.2	887040	490	7	3	false	fail	not_computed	false	486,484,483,476,474
M23	10200960	204	7	2	true	fail	not_computed	false	200,198,196
M24	244823040	1529	9	2	true	fail	not_computed	false	1527,1525,1524,1523,1522,1519,1069
M8.S4	192	78	5	8	false	true	2,3,4,4,2	true	none
M8.S4.2	384	135	5	11	false	true	2,2,3,4,4,2	true	none
M8:S3	48	16	3	5	false	fail	not_computed	false	13
M9:2	144	25	4	8	false	fail	not_computed	false	23
M9:S3	432	46	4	6	false	fail	not_computed	false	43
McL	898128000	373	12	2	true	fail	not_computed	false	372,371,370,369,368,367,366,365,364,363,354,344
McL.2	1796256000	733	10	3	false	fail	not_computed	false	731,728,726,725,724,723,703,689,644
O8+(2)	174182400	11171	17	2	true	fail	not_computed	false	11167,11166,11165,11158,11157,11156,11155,11077,11076,11075,11074
O8-(2)	197406720	5351	8	2	true	fail	not_computed	false	5350,5349,5348,5347,5346,5299,5269,4076
S10	3628800	1593	8	3	false	fail	not_computed	false	1589,1585,1584,1582,1561
S11	39916800	3094	7	3	false	fail	not_computed	false	3086,3084,3080
S12	479001600	10723	11	3	false	fail	not_computed	false	10719,10715,10710,10709,10707,10669,10649,10630
S13	6227020800	20832	8	3	false	fail	not_computed	false	20830,20827,20824,20822,20819
S3x3^(1+2)+:2A4	3888	271	5	19	false	fail	not_computed	false	267,258
S3xL2(8)	3024	68	5	6	false	fail	not_computed	false	61,60
S3xL2(8):3	9072	144	6	9	false	fail	not_computed	false	131,130
S3xS5	720	121	7	10	false	fail	not_computed	false	110
S4	24	11	3	4	false	true	2,3,4	true	none
S4(4)	979200	496	7	2	true	fail	not_computed	false	495,494,493,492,491,490,472
S4(4).2	1958400	1001	8	3	false	fail	not_computed	false	999,998,995,994,963
S4(5)	4680000	307	8	2	true	fail	not_computed	false	306,305,304,301,267,260,246,241
S4xL3(2)	4032	312	6	8	false	false	2,3,4,168	true	none
S4xS3	144	70	6	13	false	true	2,2,3,3,4	true	none
S4xS4	576	274	7	17	false	true	2,2,3,3,4,4	true	none
S5	120	19	4	3	false	fail	not_computed	false	15
S5xS4	2880	467	8	13	false	fail	not_computed	false	448
S6	720	56	6	3	false	fail	not_computed	false	52,49,48
S6(2)	1451520	1369	8	2	true	fail	not_computed	false	1368,1367,1365,1361,1358,1357
S6x2	1440	194	8	7	false	fail	not_computed	false	187,180,179
S6xS3	4320	418	9	10	false	fail	not_computed	false	407,399,398
S6xS4	17280	1856	10	13	false	fail	not_computed	false	1837,1821,1820
S6xS5	86400	3182	11	10	false	fail	not_computed	false	3173,3172,3158,3157
S7	5040	96	5	3	false	fail	not_computed	false	90
S7x2	10080	345	7	7	false	fail	not_computed	false	333
S7xS3	30240	754	8	10	false	fail	not_computed	false	736
S7xS4	120960	3433	9	13	false	fail	not_computed	false	3392
S8	40320	296	7	3	false	fail	not_computed	false	292,290,282
S8x2	80640	1291	9	7	false	fail	not_computed	false	1282,1279,1262
S8xS3	241920	2749	10	10	false	fail	not_computed	false	2734,2731,2708
S9	362880	554	7	3	false	fail	not_computed	false	550,546,545,534,508
S9x2	725760	2436	9	7	false	fail	not_computed	false	2427,2418,2417,2392,2331
Sz(32)	32537600	132	4	2	true	fail	not_computed	false	131,122,116,98
Sz(8)	29120	22	4	2	true	fail	not_computed	false	21,18,15,13
Sz(8).3	87360	39	5	3	false	fail	not_computed	false	38,35,32,30
U3(11)	70915680	126	11	2	true	fail	not_computed	false	125,119,115,114,113,101,100,99,98,87,75
U3(3)	6048	36	4	2	true	fail	not_computed	false	35,34,32,31
U3(3).2	12096	100	5	3	false	fail	not_computed	false	98,97,93,92
U3(3):2x2	24192	385	7	7	false	fail	not_computed	false	380,379,371,370
U3(3)x2	12096	104	5	4	false	fail	not_computed	false	102,101,97,96
U3(4)	62400	34	4	2	true	fail	not_computed	false	33,31,29,22
U3(4).2	124800	80	5	3	false	fail	not_computed	false	78,75,71,61
U3(5)	126000	80	8	2	true	fail	not_computed	false	79,78,77,76,75,74,73,67
U3(5).2	252000	148	6	3	false	fail	not_computed	false	146,143,142,131,128
U3(5).3	378000	93	6	3	false	fail	not_computed	false	91,86,78,77,64
U3(5).S3	756000	244	7	4	false	fail	not_computed	false	240,229,213,212,187
U3(7)	5663616	95	5	2	true	fail	not_computed	false	94,89,82,80,71
U3(8)	5515776	252	7	2	true	fail	not_computed	false	251,248,236,235,234,232,122
U3(9)	42573600	127	5	2	true	fail	not_computed	false	126,121,113,109,100
U4(2)	25920	116	5	2	true	fail	not_computed	false	114,113,112,111
U4(2).2	51840	350	6	3	false	fail	not_computed	false	347,346,345,344
U4(3)	3265920	381	16	2	true	fail	not_computed	false	380,379,378,377,376,375,374,372,371,366,365,364,363,356,345,344
U4(3).2^2_133	13063680	1789	13	6	false	fail	not_computed	false	1784,1777,1768,1718,1669,1668,1667,1617
U4(3).2_1	6531840	983	13	3	false	fail	not_computed	false	981,980,979,973,970,966,965,940,915,914
U4(3).2_3	6531840	515	11	3	false	fail	not_computed	false	513,512,511,508,505,483,470,469,468,454
U5(2)	13685760	556	6	2	true	fail	not_computed	false	555,554,553,546,539,484
